Title:,"Time Series, Area-Averaged of Sea Surface Temperature at 11 microns (Day) 8-daily 4 km [MODIS-Aqua ()"
User Start Date:,2002-07-04T00:00:00Z
User End Date:,2022-12-25T23:59:59Z
User Bounding Box:,"9.4981,76.3388,9.4981,76.3388"
Data Bounding Box:,"9.47917,76.3542,9.47917,76.3542"
URL to Reproduce Results:,"https://giovanni.gsfc.nasa.gov/giovanni/#service=ArAvTs&starttime=2002-07-04T00:00:00Z&endtime=2022-12-25T23:59:59Z&bbox=9.4981,76.3388,9.4981,76.3388&data=MODISA_L3m_SST_8d_4km_R2019_0_sst&dataKeyword=sea%20surface%20temperature&portal=GIOVANNI&format=json"
Fill Value (mean_MODISA_L3m_SST_8d_4km_R2019_0_sst):, -32767

time, mean_MODISA_L3m_SST_8d_4km_R2019_0_sst
2002-07-04 00:55:01,6.40999985
2002-07-12 00:20:01,8.17999935
2002-07-20 00:55:01,3.23000002
2002-07-28 00:20:01,7.07999992
2002-08-06 15:17:05,4.71000004
2002-08-13 00:20:01,7.19000006
2002-08-21 00:55:01,7.74499989
2002-08-29 00:20:00,7.57999992
2002-09-06 00:35:01,7.06999969
2002-09-14 00:20:00,6.98999977
2002-09-22 00:35:01,6.4749999
2002-09-30 00:20:00,5.56999969
2002-10-08 00:35:01,5.98999977
2002-10-16 00:20:01,-32767
2002-10-24 00:35:01,-32767
2002-11-01 00:20:01,-32767
2002-11-09 00:35:01,-32767
2002-11-17 00:20:01,-32767
2002-11-25 00:35:01,-32767
2002-12-03 00:20:01,-32767
2002-12-11 00:35:01,-32767
2002-12-19 00:20:01,-32767
2002-12-27 00:35:01,-32767
2003-01-01 00:50:01,-32767
2003-01-09 00:00:01,-32767
2003-01-17 00:50:01,-32767
2003-01-25 00:00:01,-32767
2003-02-02 00:00:01,-32767
2003-02-10 00:00:01,-32767
2003-02-26 00:00:01,-32767
2003-03-06 00:00:01,2.43499994
2003-03-14 00:00:01,-32767
2003-03-22 00:00:00,-32767
2003-03-30 00:05:00,-32767
2003-04-07 00:00:00,-32767
2003-04-15 00:35:00,2.625
2003-04-23 00:00:01,2.54999995
2003-05-01 00:35:00,2.70000005
2003-05-09 00:00:01,2.77499986
2003-05-17 00:35:00,3.1099999
2003-05-25 00:00:01,3.51999998
2003-06-02 00:35:01,3.72000003
2003-06-10 00:00:01,4.09499979
2003-06-18 00:35:01,4.74499989
2003-06-26 00:00:01,4.94499969
2003-07-04 00:35:01,5.50999975
2003-07-12 00:00:00,5.67499971
2003-07-20 00:35:01,6.23999977
2003-07-28 00:00:00,6.98999977
2003-08-05 00:35:00,7.10999966
2003-08-13 00:00:01,7.37999964
2003-08-21 00:35:00,7.36499977
2003-08-29 00:00:01,7.52999973
2003-09-06 00:35:01,6.88999987
2003-09-14 00:00:01,6.30999994
2003-09-22 00:00:01,5.625
2003-09-30 00:00:01,4.78999996
2003-10-16 00:00:01,4.46000004
2003-10-24 00:00:00,-32767
2003-11-01 00:00:00,-32767
2003-11-09 00:00:00,-32767
2003-11-17 00:50:00,-32767
2003-11-25 00:05:00,-32767
2003-12-03 00:50:00,-32767
2003-12-11 00:05:00,-32767
2003-12-19 00:50:01,-32767
2003-12-27 00:05:00,-32767
2004-01-01 00:20:01,-32767
2004-01-09 00:10:01,-32767
2004-01-17 00:20:01,-32767
2004-01-25 00:10:01,-32767
2004-02-02 00:20:01,-32767
2004-02-10 00:10:01,-32767
2004-02-18 00:20:01,-32767
2004-02-26 00:10:01,-32767
2004-03-05 00:20:01,-32767
2004-03-13 00:10:01,1.42499995
2004-03-21 00:20:00,2.20000005
2004-03-29 00:10:01,-32767
2004-04-06 00:25:00,2.21000004
2004-04-14 00:10:00,-32767
2004-04-22 00:45:01,3.27499986
2004-04-30 00:10:00,2.93999982
2004-05-08 00:50:00,3.30999994
2004-05-16 00:10:00,-32767
2004-05-24 00:50:00,3.92499995
2004-06-01 00:10:00,3.64499998
2004-06-09 00:50:00,-32767
2004-06-17 00:10:01,4.40999985
2004-06-25 00:50:00,6.55499983
2004-07-03 00:10:01,5.60500002
2004-07-11 00:50:00,6.85999966
2004-07-19 00:10:01,6.49499989
2004-07-27 00:50:01,6.51499987
2004-08-04 00:10:01,6.88499975
2004-08-12 00:50:01,6.86999989
2004-08-20 00:10:01,-32767
2004-08-28 00:50:01,7.13499975
2004-09-05 00:10:00,6.46000004
2004-09-13 00:25:01,4.85500002
2004-09-21 00:10:00,5.5250001
2004-09-29 00:20:01,5.24499989
2004-10-07 00:10:00,5.04999971
2004-10-15 00:20:01,5.03499985
2004-10-23 00:10:00,4.96499968
2004-10-31 00:20:01,-32767
2004-11-08 00:10:00,-32767
2004-11-16 00:20:01,-32767
2004-11-24 00:10:00,-32767
2004-12-02 00:20:01,-32767
2004-12-10 00:10:00,-32767
2004-12-18 00:20:00,-32767
2004-12-26 00:10:00,-32767
2005-01-01 00:35:01,-32767
2005-01-09 00:20:00,-32767
2005-01-17 00:35:01,-32767
2005-01-25 00:20:00,-32767
2005-02-02 00:35:01,-32767
2005-02-10 00:20:00,-32767
2005-02-18 00:35:01,-32767
2005-02-26 00:20:00,-32767
2005-03-06 00:35:01,3.11999989
2005-03-14 00:20:00,3.63499999
2005-03-22 00:35:01,3.57999992
2005-03-30 00:20:01,-32767
2005-04-07 00:35:01,3.29499984
2005-04-15 00:20:01,3.29999995
2005-04-23 00:55:00,2.94499993
2005-05-01 00:20:01,-32767
2005-05-09 00:55:00,3.66499996
2005-05-17 00:20:01,4.06500006
2005-05-25 00:55:00,3.51499987
2005-06-02 00:20:01,4.75500011
2005-06-10 00:55:01,5.13000011
2005-06-18 00:20:01,4.96499968
2005-06-26 00:55:01,4.8499999
2005-07-04 00:20:01,7.52499962
2005-07-12 00:55:01,7.10999966
2005-07-20 00:20:01,6.79500008
2005-07-28 00:55:01,7.84499979
2005-08-05 00:20:01,7.66499996
2005-08-13 00:55:01,6.76499987
2005-08-21 00:20:00,-32767
2005-08-29 00:35:01,7.17000008
2005-09-06 00:20:00,6.94000006
2005-09-14 00:35:01,5.90999985
2005-09-22 00:20:00,-32767
2005-09-30 00:30:01,-32767
2005-10-08 00:20:00,5.31999969
2005-10-16 00:30:01,4.25500011
2005-10-24 00:20:01,4.83999968
2005-11-01 00:35:01,-32767
2005-11-09 00:20:00,-32767
2005-11-17 00:35:01,-32767
2005-11-25 00:20:00,-32767
2005-12-03 00:30:01,-32767
2005-12-11 00:20:00,-32767
2005-12-19 00:35:00,-32767
2005-12-27 00:20:01,-32767
2006-01-01 00:00:10,-32767
2006-01-09 00:50:01,-32767
2006-01-17 00:00:01,-32767
2006-01-25 00:50:01,-32767
2006-02-02 00:00:01,-32767
2006-02-10 00:00:01,-32767
2006-02-18 00:00:01,4.34499979
2006-02-26 00:00:01,-32767
2006-03-06 00:05:01,-32767
2006-03-14 00:00:01,-32767
2006-03-22 00:05:01,3.50999999
2006-03-30 00:00:01,3.54999995
2006-04-07 00:35:01,3.71499991
2006-04-15 00:00:01,3.61500001
2006-04-23 00:35:01,3.86999989
2006-05-01 00:00:01,4.83500004
2006-05-09 00:35:01,3.8499999
2006-05-17 00:00:01,3.32999992
2006-05-25 00:35:01,4.29999971
2006-06-02 00:00:01,5.07499981
2006-06-10 00:35:01,-32767
2006-06-18 00:00:01,-32767
2006-06-26 00:35:01,6.19999981
2006-07-04 00:00:01,5.21999979
2006-07-12 00:35:01,5.23999977
2006-07-20 00:00:01,-32767
2006-07-28 00:35:01,2.59500003
2006-08-05 00:00:02,7.19499969
2006-08-13 00:35:02,7.23000002
2006-08-21 00:00:02,5.51999998
2006-08-29 00:35:02,7.53499985
2006-09-06 00:00:02,6.67499971
2006-09-14 00:05:02,-32767
2006-09-22 00:00:02,5.48000002
2006-09-30 00:05:02,-32767
2006-10-08 00:00:02,4.27999973
2006-10-16 00:05:02,-32767
2006-10-24 00:00:02,4.80999994
2006-11-01 00:05:02,-32767
2006-11-09 00:00:02,-32767
2006-11-17 00:05:02,-32767
2006-11-25 00:00:02,-32767
2006-12-03 00:05:02,-32767
2006-12-11 00:00:02,-32767
2006-12-19 00:05:02,-32767
2006-12-27 00:00:02,-32767
2007-01-01 00:10:01,-32767
2007-01-09 00:25:01,-32767
2007-01-17 00:10:02,-32767
2007-01-25 00:25:01,-32767
2007-02-02 00:10:02,-32767
2007-02-10 00:25:01,-32767
2007-02-18 00:10:02,3.74499989
2007-02-26 00:25:02,-32767
2007-03-06 00:10:02,-32767
2007-03-14 00:25:02,3.51499987
2007-03-22 00:10:02,-32767
2007-03-30 00:25:02,2.3499999
2007-04-07 00:10:02,3.21499991
2007-04-15 00:50:02,3.69999981
2007-04-23 00:10:00,-32767
2007-05-01 00:50:01,1.63
2007-05-09 00:10:02,-32767
2007-05-17 00:50:02,4.67000008
2007-05-25 00:10:02,4.43499994
2007-06-02 00:50:02,4.96000004
2007-06-10 00:10:02,4.89499998
2007-06-18 00:50:02,5.8499999
2007-06-26 00:10:01,4.44499969
2007-07-04 00:50:02,6.44499969
2007-07-12 00:10:02,5.96000004
2007-07-20 00:50:02,6.65999985
2007-07-28 00:10:02,5.98999977
2007-08-05 00:50:02,4.86999989
2007-08-13 00:10:02,6.86999989
2007-08-21 00:50:01,6.38999987
2007-08-29 00:10:01,6.52499962
2007-09-06 00:25:00,-32767
2007-09-14 00:10:00,5.48499966
2007-09-22 00:25:01,1.51999998
2007-09-30 00:10:00,-32767
2007-10-08 00:25:01,4.82499981
2007-10-16 00:10:01,-32767
2007-10-24 00:25:01,-32767
2007-11-01 00:10:01,-32767
2007-11-09 00:25:01,-32767
2007-11-17 00:10:01,-32767
2007-11-25 00:25:01,-32767
2007-12-03 00:10:01,-32767
2007-12-11 00:25:01,-32767
2007-12-19 00:10:01,-32767
2007-12-27 00:25:01,-32767
2008-01-01 00:40:01,-32767
2008-01-17 00:40:01,-32767
2008-01-25 00:25:00,-32767
2008-02-02 00:40:01,-32767
2008-02-10 00:25:01,-32767
2008-02-18 00:40:01,-32767
2008-02-26 00:25:01,3.44499993
2008-03-05 00:40:01,3.19499993
2008-03-13 00:25:01,-32767
2008-03-21 00:40:00,3.51999998
2008-03-29 00:25:01,2.92999983
2008-04-14 00:25:00,2.07500005
2008-04-22 01:00:01,3.14499998
2008-04-30 00:25:00,-32767
2008-05-08 01:00:00,3.07500005
2008-05-16 00:25:01,3.89499998
2008-05-24 01:00:00,3.9749999
2008-06-01 00:25:01,4.48000002
2008-06-09 01:00:00,5.03999996
2008-06-17 00:25:01,4.73499966
2008-06-25 01:00:01,5.1500001
2008-07-03 00:25:01,5.33999968
2008-07-11 01:00:01,3.29999995
2008-07-19 00:25:00,6.07499981
2008-07-27 01:05:01,6.89499998
2008-08-04 00:25:00,6.66499996
2008-08-12 01:05:00,-32767
2008-08-20 00:30:01,4.38499975
2008-08-28 00:45:00,6.20499992
2008-09-05 00:30:01,5.53999996
2008-09-13 00:45:00,-32767
2008-09-21 00:30:00,5.80999994
2008-09-29 00:45:01,4.50999975
2008-10-07 00:30:00,-32767
2008-10-15 00:45:01,4.53499985
2008-10-23 00:30:01,-32767
2008-10-31 00:45:01,-32767
2008-11-08 00:30:01,-32767
2008-11-16 00:45:01,-32767
2008-11-24 00:30:01,-32767
2008-12-02 00:45:01,-32767
2008-12-10 00:32:47,-32767
2008-12-18 00:45:01,-32767
2008-12-26 00:00:01,-32767
2009-01-01 00:00:01,-32767
2009-01-09 00:10:01,-32767
2009-01-17 00:00:01,-32767
2009-01-25 00:10:01,-32767
2009-02-02 00:00:01,-32767
2009-02-10 00:10:01,-32767
2009-02-18 00:00:01,-32767
2009-02-26 00:10:01,-32767
2009-03-06 00:00:01,2.21499991
2009-03-14 00:10:01,2.33999991
2009-03-22 00:00:01,2.05500007
2009-03-30 00:10:00,-32767
2009-04-07 00:00:01,-32767
2009-04-15 00:40:01,-32767
2009-04-23 00:00:00,2.57500005
2009-05-01 00:40:01,3.19499993
2009-05-09 00:00:00,4.23500013
2009-05-17 00:40:00,4.11999989
2009-05-25 00:00:01,3.69999981
2009-06-02 00:40:00,4.08500004
2009-06-10 00:00:01,5.07499981
2009-06-18 00:40:00,3.51999998
2009-06-26 00:00:01,6.13499975
2009-07-04 00:40:01,6.30999994
2009-07-12 00:00:01,7.07499981
2009-07-20 00:40:01,-32767
2009-07-28 00:00:01,6.1500001
2009-08-05 00:40:01,-32767
2009-08-13 00:00:00,7.04999971
2009-08-21 00:40:01,6.56999969
2009-08-29 00:00:00,-32767
2009-09-06 00:10:01,6.87999964
2009-09-14 00:00:01,5.93499994
2009-09-22 00:10:01,5.61999989
2009-09-30 00:00:01,5.29999971
2009-10-08 00:10:01,3.9749999
2009-10-16 00:00:01,-32767
2009-10-24 00:10:01,-32767
2009-11-01 00:00:01,-32767
2009-11-09 00:10:01,-32767
2009-11-17 00:00:01,-32767
2009-11-25 00:10:01,-32767
2009-12-03 00:00:01,-32767
2009-12-11 00:10:01,-32767
2009-12-19 00:00:01,-32767
2009-12-27 00:10:01,-32767
2010-01-01 00:25:01,-32767
2010-01-09 00:15:00,-32767
2010-01-17 00:25:01,-32767
2010-01-25 00:15:00,-32767
2010-02-02 00:25:00,-32767
2010-02-10 00:15:00,-32767
2010-02-18 00:25:00,-32767
2010-02-26 00:15:00,3.41499996
2010-03-06 00:25:01,-32767
2010-03-14 00:15:00,-32767
2010-03-22 00:25:01,2.56999993
2010-03-30 00:15:00,2.74499989
2010-04-07 00:30:01,2.91999984
2010-04-15 00:15:01,-32767
2010-04-23 00:50:00,3.11999989
2010-05-01 00:15:01,2.69499993
2010-05-09 00:50:00,3.43999982
2010-05-17 00:15:01,3.375
2010-05-25 00:50:00,4.19999981
2010-06-02 00:10:01,4.48000002
2010-06-10 00:50:01,4.80499983
2010-06-18 00:10:01,5.42000008
2010-06-26 00:50:01,6.0999999
2010-07-04 00:10:01,-32767
2010-07-12 00:50:01,6.57999992
2010-07-20 00:10:01,2.0999999
2010-07-28 00:50:01,6.93499994
2010-08-05 00:10:01,-32767
2010-08-13 00:50:01,6.50999975
2010-08-21 00:10:00,6.79500008
2010-08-29 00:50:01,-32767
2010-09-06 00:10:00,5.79500008
2010-09-14 00:25:01,6.375
2010-09-22 00:10:01,6.09499979
2010-09-30 00:25:01,1.16999996
2010-10-08 00:10:01,-32767
2010-10-16 00:25:01,-32767
2010-10-24 00:10:01,-32767
2010-11-01 00:25:01,-32767
2010-11-09 00:10:01,-32767
2010-11-17 00:25:01,-32767
2010-11-25 00:10:01,-32767
2010-12-03 00:25:01,-32767
2010-12-11 00:10:00,-32767
2010-12-19 00:25:01,-32767
2010-12-27 00:10:00,-32767
2011-01-01 00:25:01,-32767
2011-01-09 00:45:00,-32767
2011-01-17 00:25:01,-32767
2011-01-25 00:45:01,-32767
2011-02-02 00:25:00,-32767
2011-02-10 00:45:01,-32767
2011-02-18 00:25:00,3.15499997
2011-02-26 00:45:01,-32767
2011-03-06 00:25:01,-32767
2011-03-14 00:45:01,-32767
2011-03-22 00:25:01,2.50999999
2011-04-07 00:25:01,-32767
2011-04-15 00:45:01,3.33500004
2011-04-23 00:25:01,3.26499987
2011-05-01 01:00:00,3.48000002
2011-05-09 00:25:01,3.56999993
2011-05-17 01:00:01,-32767
2011-05-25 00:25:01,3.68999982
2011-06-02 01:00:01,5.25
2011-06-10 00:25:01,5.0999999
2011-06-18 01:00:01,6.9749999
2011-06-26 00:25:01,2.65999985
2011-07-04 01:00:01,-32767
2011-07-12 00:25:01,6.7249999
2011-07-20 01:00:01,5.88499975
2011-07-28 00:25:00,7.19999981
2011-08-05 01:00:01,7.44499969
2011-08-13 00:25:00,7.33999968
2011-08-21 00:45:01,4.80499983
2011-08-29 00:25:00,6.52999973
2011-09-06 00:45:01,6.75
2011-09-14 00:25:01,7
2011-09-22 00:40:01,5.91499996
2011-09-30 00:25:01,6.28499985
2011-10-08 00:40:01,4.30499983
2011-10-16 00:25:01,-32767
2011-10-24 00:40:01,-32767
2011-11-01 00:25:01,-32767
2011-11-09 00:40:01,-32767
2011-11-17 00:25:01,-32767
2011-11-25 00:40:01,-32767
2011-12-03 00:25:01,-32767
2011-12-11 00:40:01,-32767
2011-12-19 00:25:00,-32767
2011-12-27 00:40:01,-32767
2012-01-01 00:00:00,-32767
2012-01-09 00:10:01,-32767
2012-01-17 00:00:00,-32767
2012-01-25 00:10:01,-32767
2012-02-02 00:00:00,-32767
2012-02-10 00:10:00,-32767
2012-02-18 00:00:00,-32767
2012-02-26 00:10:01,-32767
2012-03-05 00:00:00,3.58500004
2012-03-13 00:10:01,-32767
2012-03-21 00:00:00,2.24000001
2012-03-29 00:15:01,3.96499991
2012-04-06 00:00:01,3.66999984
2012-04-14 00:40:00,3.49499989
2012-04-22 00:00:01,3.6099999
2012-04-30 00:40:00,3.22000003
2012-05-08 00:00:01,3.5
2012-05-16 00:40:00,-32767
2012-05-24 00:00:01,3.8349998
2012-06-01 00:40:01,4.63499975
2012-06-09 00:00:01,0.995000005
2012-06-17 00:40:01,2.93499994
2012-06-25 00:00:01,5.7249999
2012-07-03 00:40:00,5.57499981
2012-07-11 00:00:01,5.64499998
2012-07-19 00:40:00,6.56999969
2012-07-27 00:00:01,6.69000006
2012-08-04 00:40:01,-32767
2012-08-12 00:00:01,6.75499964
2012-08-20 00:40:01,6.83500004
2012-08-28 00:00:01,6.27999973
2012-09-05 00:15:00,-32767
2012-09-13 00:00:01,5.67000008
2012-09-21 00:10:00,5.63999987
2012-09-29 00:00:01,5.67999983
2012-10-07 00:10:00,5.27999973
2012-10-15 00:00:01,4.65999985
2012-10-23 00:10:00,-32767
2012-10-31 00:00:01,-32767
2012-11-08 00:10:00,-32767
2012-11-16 00:00:01,-32767
2012-11-24 00:10:01,-32767
2012-12-02 00:00:01,-32767
2012-12-10 00:10:01,-32767
2012-12-18 00:00:01,-32767
2012-12-26 00:10:01,-32767
2013-01-01 00:10:01,-32767
2013-01-09 00:25:01,-32767
2013-01-17 00:10:01,-32767
2013-01-25 00:25:01,-32767
2013-02-02 00:10:01,-32767
2013-02-10 00:25:01,-32767
2013-02-18 00:10:01,-32767
2013-02-26 00:25:01,-32767
2013-03-06 00:10:01,-32767
2013-03-14 00:25:01,-32767
2013-03-22 00:10:01,-32767
2013-03-30 00:25:01,2.3499999
2013-04-07 00:10:01,2.55499983
2013-04-15 00:50:01,2.63999987
2013-04-23 00:10:01,2.83999991
2013-05-01 00:50:01,3.00499988
2013-05-09 00:10:01,-32767
2013-05-17 00:50:01,-32767
2013-05-25 00:10:01,2.93499994
2013-06-02 00:50:01,4.65999985
2013-06-10 00:10:01,4.19000006
2013-06-18 00:50:01,-32767
2013-06-26 00:10:01,4.88499975
2013-07-04 00:50:01,5.9749999
2013-07-12 00:10:01,3.83999991
2013-07-20 00:50:01,6.48999977
2013-07-28 00:10:01,-32767
2013-08-05 00:50:01,7.46999979
2013-08-13 00:10:01,7.25
2013-08-21 00:50:01,-32767
2013-08-29 00:10:00,7.36499977
2013-09-06 00:25:01,-32767
2013-09-14 00:10:00,6.83999968
2013-09-22 00:25:01,6.42499971
2013-09-30 00:10:00,-32767
2013-10-08 00:25:01,4.63499975
2013-10-16 00:10:00,4.63999987
2013-10-24 00:25:01,-32767
2013-11-01 00:10:00,-32767
2013-11-09 00:25:00,-32767
2013-11-17 00:10:01,-32767
2013-11-25 00:25:00,-32767
2013-12-03 00:10:01,-32767
2013-12-11 00:25:01,-32767
2013-12-19 00:10:01,-32767
2013-12-27 00:25:01,-32767
2014-01-01 00:45:01,-32767
2014-01-09 00:25:00,-32767
2014-01-17 00:45:01,-32767
2014-01-25 00:25:00,-32767
2014-02-02 00:45:01,-32767
2014-02-10 00:25:01,3.49499989
2014-02-18 00:45:00,3.57999992
2014-02-26 00:25:01,-32767
2014-03-06 00:45:01,3.05999994
2014-03-14 00:25:01,-32767
2014-03-22 00:45:01,-32767
2014-03-30 00:25:00,-32767
2014-04-07 00:45:01,2.99000001
2014-04-15 00:25:00,2.97000003
2014-04-23 01:00:01,3.89499998
2014-05-01 00:25:00,4.05999994
2014-05-09 01:00:01,4.17999983
2014-05-17 00:25:00,4.26499987
2014-05-25 01:00:01,4.34499979
2014-06-02 00:25:00,4.85999966
2014-06-10 01:00:01,4.93499994
2014-06-18 00:25:00,5.01999998
2014-06-26 01:00:01,-32767
2014-07-04 00:25:00,6.19000006
2014-07-12 01:00:01,6.96999979
2014-07-20 00:25:00,6.38999987
2014-07-28 01:00:01,7.44499969
2014-08-05 00:25:00,7.43499994
2014-08-13 01:00:01,7.34499979
2014-08-21 00:25:00,7.64499998
2014-08-29 00:45:01,-32767
2014-09-06 00:25:01,5.78499985
2014-09-14 00:45:01,6.10500002
2014-09-22 00:25:01,5.71999979
2014-09-30 00:45:01,5.2750001
2014-10-08 00:25:01,-32767
2014-10-16 00:45:01,5.2249999
2014-10-24 00:25:01,3.18499994
2014-11-01 00:45:01,-32767
2014-11-09 00:25:00,-32767
2014-11-17 00:45:01,-32767
2014-11-25 00:25:00,-32767
2014-12-03 00:45:01,-32767
2014-12-11 00:25:00,-32767
2014-12-19 00:45:00,-32767
2014-12-27 00:25:01,-32767
2015-01-01 00:10:01,-32767
2015-01-09 00:00:01,-32767
2015-01-17 00:10:01,-32767
2015-01-25 00:00:01,-32767
2015-02-02 00:10:01,-32767
2015-02-10 00:00:01,-32767
2015-02-18 00:10:01,-32767
2015-02-26 00:00:01,2.86500001
2015-03-06 00:10:01,2.5999999
2015-03-14 00:00:01,-32767
2015-03-22 00:10:01,-32767
2015-03-30 00:00:01,-32767
2015-04-07 00:15:01,2.86500001
2015-04-15 00:00:01,3.61500001
2015-04-23 00:40:00,3.6099999
2015-05-01 00:00:01,3.3599999
2015-05-09 00:40:00,2.90499997
2015-05-17 00:00:01,4.56999969
2015-05-25 00:40:00,-32767
2015-06-02 00:00:01,4.80499983
2015-06-10 00:40:00,5.19499969
2015-06-18 00:00:01,5.86999989
2015-06-26 00:40:00,6.79999971
2015-07-04 00:00:00,7.08999968
2015-07-12 00:40:01,7.25
2015-07-20 00:00:00,7.46999979
2015-07-28 00:40:01,7.625
2015-08-05 00:00:00,-32767
2015-08-13 00:40:00,8.13999939
2015-08-21 00:00:00,-32767
2015-08-29 00:40:00,7.52999973
2015-09-06 00:00:01,5.30499983
2015-09-14 00:10:01,7.26999998
2015-09-22 00:00:01,-32767
2015-09-30 00:10:01,6.15999985
2015-10-08 00:00:01,1.90499997
2015-10-16 00:10:01,5.98000002
2015-10-24 00:00:01,-32767
2015-11-01 00:10:01,-32767
2015-11-09 00:00:00,-32767
2015-11-17 00:10:01,-32767
2015-11-25 00:00:00,-32767
2015-12-03 00:10:00,-32767
2015-12-11 00:00:01,-32767
2015-12-19 00:10:01,-32767
2016-01-01 00:15:01,-32767
2016-01-09 00:30:01,-32767
2016-01-17 00:15:00,-32767
2016-01-25 00:30:01,-32767
2016-02-02 00:15:00,-32767
2016-02-10 00:30:01,-32767
2016-02-18 00:15:01,0.689999998
2016-02-26 00:30:00,0.944999993
2016-03-05 00:15:01,3.95499992
2016-03-13 00:30:00,3.09500003
2016-03-21 00:15:01,-32767
2016-03-29 00:30:00,4.28499985
2016-04-06 00:15:01,3.33999991
2016-04-14 00:55:01,3.18999982
2016-04-22 00:15:00,4.28999996
2016-04-30 00:55:01,4.23500013
2016-05-08 00:15:00,4.26499987
2016-05-16 00:55:01,4.92000008
2016-05-24 00:15:00,-32767
2016-06-01 00:55:01,-32767
2016-06-09 00:15:00,5.23999977
2016-06-17 00:55:01,3.65999985
2016-06-25 00:15:00,-32767
2016-07-03 00:55:01,7.81999969
2016-07-11 00:15:00,6.69499969
2016-07-19 00:55:01,8.18999958
2016-07-27 00:15:00,8
2016-08-04 00:55:00,7.74499989
2016-08-12 00:20:01,7.81999969
2016-08-20 00:55:00,8
2016-08-28 00:15:01,7.42999983
2016-09-05 00:30:01,7.15499973
2016-09-13 00:15:01,3.23000002
2016-09-21 00:30:01,6.15499973
2016-09-29 00:15:01,6.76999998
2016-10-07 00:30:01,4.89499998
2016-10-15 00:15:01,0.810000002
2016-10-23 00:30:01,5.33500004
2016-10-31 00:15:01,-32767
2016-11-08 00:30:01,-32767
2016-11-16 00:15:00,-32767
2016-11-24 00:30:01,-32767
2016-12-02 00:15:00,-32767
2016-12-10 00:30:00,-32767
2016-12-18 00:15:01,-32767
2016-12-26 00:30:00,-32767
2017-01-01 00:25:01,-32767
2017-01-09 00:40:01,-32767
2017-01-17 00:25:01,-32767
2017-01-25 00:40:01,-32767
2017-02-02 00:25:01,-32767
2017-02-10 00:40:01,-32767
2017-02-18 00:25:00,-32767
2017-02-26 00:40:01,4.46999979
2017-03-06 00:25:00,-32767
2017-03-14 00:45:01,-32767
2017-03-22 00:25:00,-32767
2017-03-30 00:45:01,2.89499998
2017-04-07 00:25:00,3.74499989
2017-04-15 00:45:01,3.51999998
2017-04-23 00:25:00,3.58999991
2017-05-01 01:00:00,3.47000003
2017-05-09 00:25:00,4.13000011
2017-05-17 01:00:01,-32767
2017-05-25 00:25:00,5.11999989
2017-06-02 01:00:01,4.63999987
2017-06-10 00:25:00,4.23500013
2017-06-18 01:00:01,5.875
2017-06-26 00:25:00,5.44999981
2017-07-04 01:00:01,-32767
2017-07-12 00:25:00,2.78999996
2017-07-20 01:00:00,2.31500006
2017-07-28 00:25:01,7.125
2017-08-05 01:00:00,7.85999966
2017-08-13 00:25:01,7.2249999
2017-08-21 01:00:00,7.69499969
2017-08-29 00:25:01,7.60999966
2017-09-06 00:45:01,5.61499977
2017-09-14 00:25:01,7.48499966
2017-09-22 00:40:01,5.9000001
2017-09-30 00:25:01,-32767
2017-10-08 00:40:01,6.75499964
2017-10-16 00:25:01,-32767
2017-10-24 00:40:01,-32767
2017-11-01 00:25:00,-32767
2017-11-09 00:40:01,-32767
2017-11-17 00:25:00,-32767
2017-11-25 00:40:01,-32767
2017-12-03 00:25:00,-32767
2017-12-11 00:40:00,-32767
2017-12-19 00:25:01,-32767
2017-12-27 00:40:01,-32767
2018-01-01 00:00:01,-32767
2018-01-09 00:10:01,-32767
2018-01-17 00:00:01,-32767
2018-01-25 00:10:01,-32767
2018-02-02 00:00:00,-32767
2018-02-10 00:10:01,-32767
2018-02-18 00:00:00,3.79499984
2018-02-26 00:10:01,3.42499995
2018-03-06 00:00:00,-32767
2018-03-14 00:10:00,-32767
2018-03-22 00:00:00,-32767
2018-03-30 00:15:01,3.05999994
2018-04-07 00:00:00,3.31499982
2018-04-15 00:40:01,3.2249999
2018-04-23 00:00:00,2.31500006
2018-05-01 00:40:01,3.76999998
2018-05-09 00:00:00,4.01499987
2018-05-17 00:40:01,-32767
2018-05-25 00:00:00,-32767
2018-06-02 00:40:01,4.30499983
2018-06-10 00:00:01,4.36499977
2018-06-18 00:40:01,5.40499973
2018-06-26 00:00:01,2.84500003
2018-07-04 00:40:01,5.75
2018-07-12 00:00:01,3.42499995
2018-07-20 00:40:01,5.83999968
2018-07-28 00:00:01,9.98999977
2018-08-05 00:40:01,6.125
2018-08-13 00:00:00,7.375
2018-08-21 00:40:01,6.7249999
2018-08-29 00:00:00,7.17999983
2018-09-06 00:15:00,6.58500004
2018-09-14 00:00:00,6.54500008
2018-09-22 00:10:00,5.38000011
2018-09-30 00:00:00,-32767
2018-10-08 00:10:00,4.44499969
2018-10-16 00:00:00,3.97000003
2018-10-24 00:10:00,-32767
2018-11-01 00:00:01,-32767
2018-11-09 00:10:00,-32767
2018-11-17 00:00:01,-32767
2018-11-25 00:10:01,-32767
2018-12-03 00:00:01,-32767
2018-12-11 00:10:01,-32767
2018-12-19 00:00:01,-32767
2018-12-27 00:10:01,-32767
2019-01-01 00:30:00,-32767
2019-01-09 00:15:01,-32767
2019-01-17 00:30:00,-32767
2019-01-25 00:15:01,-32767
2019-02-02 00:30:01,-32767
2019-02-10 00:15:01,-32767
2019-02-18 00:30:01,-32767
2019-02-26 00:15:01,-32767
2019-03-06 00:30:01,2.81999993
2019-03-14 00:15:00,-32767
2019-03-22 00:30:01,2.80999994
2019-03-30 00:15:00,-32767
2019-04-07 00:30:01,3.00999999
2019-04-15 00:15:00,3.59500003
2019-04-23 00:55:00,3.55999994
2019-05-01 00:15:00,3.71499991
2019-05-09 00:55:00,3.58999991
2019-05-17 00:15:00,-32767
2019-05-25 00:55:01,4.29500008
2019-06-02 00:15:00,4.19999981
2019-06-10 00:55:01,5.07499981
2019-06-18 00:15:00,6.03499985
2019-06-26 00:55:01,-32767
2019-07-04 00:15:00,7.21499968
2019-07-12 00:55:01,6.57999992
2019-07-20 00:15:00,7.07999992
2019-07-28 00:55:01,7.65999985
2019-08-05 00:15:00,7.27499962
2019-08-13 00:55:01,6.75
2019-08-21 00:15:00,6.36499977
2019-08-29 00:55:01,6.58500004
2019-09-06 00:15:01,6.71000004
2019-09-14 00:30:00,6.44499969
2019-09-22 00:15:01,-32767
2019-09-30 00:30:00,5.90999985
2019-10-08 00:15:01,5.66499996
2019-10-16 00:30:00,4.98000002
2019-10-24 00:15:01,-32767
2019-11-01 00:30:00,-32767
2019-11-09 00:15:01,-32767
2019-11-17 00:30:01,-32767
2019-11-25 00:15:01,-32767
2019-12-03 00:30:01,-32767
2019-12-11 00:15:00,-32767
2019-12-19 00:30:00,-32767
2019-12-27 00:15:01,-32767
2020-01-01 00:00:00,-32767
2020-01-09 00:50:01,-32767
2020-01-17 00:00:01,-32767
2020-01-25 00:50:01,-32767
2020-02-02 00:00:01,-32767
2020-02-10 00:50:01,-32767
2020-02-18 00:00:01,-32767
2020-02-26 00:50:00,-32767
2020-03-05 00:00:00,-32767
2020-03-13 00:00:00,-32767
2020-03-21 00:00:00,-32767
2020-03-29 00:00:00,-32767
2020-04-06 00:30:01,-32767
2020-04-14 00:00:00,2.90999985
2020-04-22 00:30:01,3.01999998
2020-04-30 00:00:00,3.30499983
2020-05-08 00:30:01,3.42499995
2020-05-16 00:00:00,3.18499994
2020-05-24 00:30:01,-32767
2020-06-01 00:00:01,4.17999983
2020-06-09 00:30:01,-32767
2020-06-17 00:00:01,-32767
2020-06-25 00:30:01,5.71999979
2020-07-03 00:00:01,5.79999971
2020-07-11 00:30:01,-32767
2020-07-19 00:00:01,7.7249999
2020-07-27 00:30:00,6.51999998
2020-08-04 00:00:01,7.07999992
2020-08-12 00:30:00,8.09500027
2020-08-20 01:40:01,7.30999994
2020-09-02 20:05:00,-32767
2020-09-05 00:00:01,4.11000013
2020-09-13 00:00:01,6.67499971
2020-09-21 00:00:01,-32767
2020-09-29 00:00:01,4.73999977
2020-10-07 00:00:01,5.03499985
2020-10-15 00:00:01,4.43499994
2020-10-23 00:50:01,4.46999979
2020-10-31 00:00:00,-32767
2020-11-08 00:50:00,-32767
2020-11-16 00:00:00,-32767
2020-11-24 00:50:01,-32767
2020-12-02 00:00:01,-32767
2020-12-10 00:50:01,-32767
2020-12-18 00:00:01,-32767
2020-12-26 00:50:01,-32767
2021-01-01 00:10:01,-32767
2021-01-09 00:00:00,-32767
2021-01-17 00:10:00,-32767
2021-01-25 00:00:01,-32767
2021-02-02 00:10:01,-32767
2021-02-10 00:00:01,3.32999992
2021-02-18 00:10:01,4
2021-02-26 00:00:01,-32767
2021-03-06 00:10:01,-32767
2021-03-14 00:00:01,-32767
2021-03-22 00:10:01,-32767
2021-03-30 00:00:01,-32767
2021-04-07 00:15:01,3.15499997
2021-04-15 00:00:00,3.51999998
2021-04-23 00:40:00,-32767
2021-05-01 00:00:00,3.06999993
2021-05-09 00:40:00,-32767
2021-05-17 00:00:00,2.41999984
2021-05-25 00:40:01,3.27999997
2021-06-02 00:00:00,4.14499998
2021-06-10 00:40:01,4.54500008
2021-06-18 00:00:01,4.83500004
2021-06-26 00:40:01,4.81500006
2021-07-04 00:00:01,5.69999981
2021-07-12 00:40:01,5.83999968
2021-07-20 00:00:01,-32767
2021-07-28 00:40:01,6.82499981
2021-08-05 00:00:01,6.78499985
2021-08-13 00:40:01,6.79999971
2021-08-21 00:00:01,6.25499964
2021-08-29 00:40:01,6.65499973
2021-09-06 00:00:01,6.2750001
2021-09-14 00:10:01,6.30999994
2021-09-22 00:00:01,6.28999996
2021-09-30 00:10:01,4.93499994
2021-10-08 00:00:01,5.61499977
2021-10-16 00:10:01,5.03499985
2021-10-24 00:00:01,4.5
2021-11-01 00:10:01,-32767
2021-11-09 00:00:00,-32767
2021-11-17 00:10:00,-32767
2021-11-25 00:00:00,-32767
2021-12-03 00:00:00,-32767
2021-12-11 00:00:00,-32767
2021-12-19 00:00:00,-32767
2021-12-27 00:00:00,-32767
2022-01-01 00:00:00,-32767
2022-01-09 00:00:00,-32767
2022-01-17 00:00:00,-32767
2022-01-25 00:00:00,-32767
2022-02-02 00:00:00,-32767
2022-02-10 00:00:00,3.02999997
2022-02-18 00:00:00,3.11500001
2022-02-26 00:00:00,-32767
2022-03-06 00:00:00,3.05499983
2022-03-14 00:00:00,2.96499991
2022-03-22 00:00:00,2.72000003
2022-03-30 00:00:00,-32767
2022-04-15 00:00:00,3.15499997
2022-04-23 00:00:00,-32767
2022-05-01 00:00:00,3.09500003
2022-05-09 00:00:00,3.21000004
2022-05-17 00:00:00,-32767
2022-05-25 00:00:00,4.93499994
2022-06-02 00:00:00,4.65499973
2022-06-10 00:00:00,4.92999983
2022-06-18 00:00:00,5.94000006
2022-06-26 00:00:00,3.36999989
2022-07-04 00:00:00,6.875
2022-07-12 00:00:00,5.85999966
2022-07-20 00:00:00,3.61500001
2022-07-28 00:00:00,8.00500011
2022-08-05 00:00:00,8.63999939
2022-08-13 00:00:00,8.79500008
2022-08-21 00:00:00,8.26499939
2022-08-29 00:00:00,7.00499964
2022-09-06 00:00:00,5.17499971
2022-09-14 00:00:00,6.75
2022-09-22 00:00:00,4.73499966
2022-09-30 00:00:00,6.35500002
2022-10-08 00:00:00,6.26999998
2022-10-16 00:00:00,6.10500002
2022-10-24 00:00:00,4.71499968
2022-11-01 00:00:00,-32767
2022-11-09 00:00:00,-32767
2022-11-25 00:00:00,-32767
2022-12-03 00:00:00,-32767
2022-12-11 00:00:00,-32767
2022-12-19 00:00:00,-32767
